bronze,sliver,gold,sliver_lines,gold_lines,difference
calendrier-scolaire-2025-2026.pdf,,,,,
kinshasa-2019a.pdf,kinshasa-2019a.txt,palmares-2019-kinshasa.txt,138496,130404,-8092
palm-bas-fleuve-21-2019.pdf,palm-bas-fleuve-21-2019.txt,palmares-2019-bas-fleuve-21.txt,21040,19643,-1397
palm-bas-uele-54-2019.pdf,palm-bas-uele-54-2019.txt,palmares-2019-bas-uele-54.txt,2715,2525,-190
palm-cataratces-22-2019.pdf,palm-cataratces-22-2019.txt,palmares-2019-cataratces-22.txt,10595,9842,-753
palm-equateur-1-41-2019.pdf,palm-equateur-1-41-2019.txt,palmares-2019-equateur-1-41.txt,9908,9312,-596
palm-equateur-2-46-2019.pdf,palm-equateur-2-46-2019.txt,palmares-2019-equateur-2-46.txt,4402,4054,-348
palm-haut-katanga-2-76-2019.pdf,palm-haut-katanga-2-76-2019.txt,palmares-2019-haut-katanga-2-76.txt,3920,3699,-221
palm-haut-katanga-71-2019.pdf,palm-haut-katanga-71-2019.txt,palmares-2019-haut-katanga-71.txt,64350,60735,-3615
palm-haut-lomami-1-72-2019.pdf,palm-haut-lomami-1-72-2019.txt,palmares-2019-haut-lomami-72.txt,10624,9947,-677
palm-haut-lomami-2-75-2019.pdf,palm-haut-lomami-2-75-2019.txt,palmares-2019-haut-lomami-2-75.txt,7884,7514,-370
palm-haut-uele-53-2019.pdf,palm-haut-uele-53-2019.txt,palmares-2019-haut-uele-53.txt,5871,5443,-428
palm-hf-2019.pdf,palm-hf-2019.txt,palmares-2019-hf.txt,473,464,-9
palm-ituri-1-52-2019.pdf,palm-ituri-1-52-2019.txt,palmares-2019-ituri-1-52.txt,9362,8754,-608
palm-ituri-2-56-2019.pdf,palm-ituri-2-56-2019.txt,palmares-2019-ituri-2-56.txt,6647,6182,-465
palm-junacyc-2019.pdf,palm-junacyc-2019.txt,palmares-2019-junacyc.txt,7389,6721,-668
palm-kasai-1-82-2019.pdf,palm-kasai-1-82-2019.txt,palmares-2019-kasai-1-82.txt,9690,8906,-784
palm-kasai-2-84-2019.pdf,palm-kasai-2-84-2019.txt,palmares-2019-kasai-2-84.txt,11085,10384,-701
palm-kasai-central-1-81-2019.pdf,palm-kasai-central-1-81-2019.txt,palmares-2019-kasai-central-1-81.txt,16707,15896,-811
palm-kasai-central-2-83-2019-2.pdf,palm-kasai-central-2-83-2019-2.txt,palmares-2019-kasai-central-2-83.txt,6445,6070,-375
palm-kasai-central-2-83-2019.pdf,palm-kasai-central-2-83-2019.txt,palmares-2019-kasai-central-2-83.txt,6445,6070,-375
palm-kasai-oriental-91-2019.pdf,palm-kasai-oriental-91-2019.txt,palmares-2019-kasai-oriental-91.txt,14644,13821,-823
palm-kwango-1-33-2019.pdf,palm-kwango-1-33-2019.txt,palmares-2019-kwango-1-33.txt,13400,12287,-1113
palm-kwango-2-36-2019.pdf,palm-kwango-2-36-2019.txt,palmares-2019-kwango-2-36.txt,7509,6907,-602
palm-kwilu-1-32-2019.pdf,palm-kwilu-1-32-2019.txt,palmares-2019-kwilu-1-32.txt,13637,12565,-1072
palm-kwilu-2-34-2019.pdf,palm-kwilu-2-34-2019.txt,palmares-2019-kwilu-2-34.txt,31330,28664,-2666
palm-kwilu-3-35-2019.pdf,palm-kwilu-3-35-2019.txt,palmares-2019-kwilu-3-35.txt,19015,17741,-1274
palm-lomami-93-2019.pdf,palm-lomami-93-2019.txt,palmares-2019-lomami-93.txt,24272,22805,-1467
palm-lualaba-1-74-2019.pdf,palm-lualaba-1-74-2019.txt,palmares-2019-lualaba-1-74.txt,7701,7223,-478
palm-lualaba-2-78-2019.pdf,palm-lualaba-2-78-2019.txt,palmares-2019-lualaba-2-78.txt,4398,4154,-244
palm-lukaya-23-2019.pdf,palm-lukaya-23-2019.txt,palmares-2019-lukaya-23.txt,6257,5833,-424
palm-mai-ndombe-31-2019-global-avec-session-speciale.pdf,palm-mai-ndombe-31-2019-global-avec-session-speciale.txt,palmares-2019-mai-ndombe-31-s.txt,17068,15964,-1104
palm-maniema-64-2019.pdf,palm-maniema-64-2019.txt,palmares-2019-maniema-64.txt,16486,15355,-1131
palm-mongala-44-2019.pdf,palm-mongala-44-2019.txt,palmares-2019-mongala-44.txt,10152,9444,-708
palm-nord-kivu-1-61-2019.pdf,palm-nord-kivu-1-61-2019.txt,palmares-2019-nord-kivu-1-61.txt,17748,16765,-983
palm-nord-kivu-2-62-2019-global-avec-session-speciale.pdf,palm-nord-kivu-2-62-2019-global-avec-session-speciale.txt,palmares-2019-nord-kivu-2-62-s.txt,26480,24866,-1614
palm-nord-kivu-3-66-2019.pdf,palm-nord-kivu-3-66-2019.txt,palmares-2019-nord-kivu-3-66.txt,11929,11195,-734
palm-nord-ubangi-45-2019.pdf,palm-nord-ubangi-45-2019.txt,palmares-2019-nord-ubangi-45.txt,5936,5417,-519
palm-sankuru-92-2019.pdf,palm-sankuru-92-2019.txt,palmares-2019-sankuru-92.txt,16288,14985,-1303
palm-sud-kivu-1-63-2019.pdf,palm-sud-kivu-1-63-2019.txt,palmares-2019-sud-kivu-1-63.txt,28307,26803,-1504
palm-sud-kivu-2-65-2019.pdf,palm-sud-kivu-2-65-2019.txt,palmares-2019-sud-kivu-2-65.txt,10830,10303,-527
palm-sud-kivu-3-67-2019.pdf,palm-sud-kivu-3-67-2019.txt,palmares-2019-sud-kivu-3-67.txt,3876,3572,-304
palm-sud-ubangi-1-42-2019.pdf,palm-sud-ubangi-1-42-2019.txt,palmares-2019-sud-ubangi-1-42.txt,8300,7696,-604
palm-sud-ubangi-2-47-2019-global-avec-session-speciale.pdf,palm-sud-ubangi-2-47-2019-global-avec-session-speciale.txt,palmares-2019-sud-ubangi-2-47-s.txt,4753,4394,-359
palm-tanganyika-1-73-2019.pdf,palm-tanganyika-1-73-2019.txt,palmares-2019-tanganyika-1-73.txt,6017,5681,-336
palm-tanganyika-2-77-2019.pdf,palm-tanganyika-2-77-2019.txt,palmares-2019-tanganyika-2-77.txt,5771,5430,-341
palm-tshopo-1-51-2019.pdf,palm-tshopo-1-51-2019.txt,palmares-2019-tshopo-1-51.txt,14605,13662,-943
palm-tshopo-2-55-2019.pdf,palm-tshopo-2-55-2019.txt,palmares-2019-tshopo-2-55.txt,7226,6595,-631
palm-tshuapa-43-2019.pdf,palm-tshuapa-43-2019.txt,palmares-2019-tshuapa-43.txt,5234,4945,-289
palm54-junacyc-2016.pdf,palm54-junacyc-2016.txt,palmares-2016-junacyc.txt,7411,6686,-725
palmares-01-hors-frontieres.pdf,,,,,
palmares-11-kinshasa-mont-amba.pdf,palmares-11-kinshasa-mont-amba.txt,palmares-2023-kinshasa-mont-amba-11.txt,118720,51896,-66824
palmares-12-kinshasa-funa.pdf,palmares-12-kinshasa-funa.txt,palmares-2023-kinshasa-funa-12.txt,88462,37840,-50622
palmares-13-kinshasa-lukunga.pdf,palmares-13-kinshasa-lukunga.txt,palmares-2023-kinshasa-lukunga-13.txt,130577,60009,-70568
palmares-14-kinshasa-tshangu.pdf,palmares-14-kinshasa-tshangu.txt,palmares-2023-kinshasa-tshangu-14.txt,128651,58058,-70593
palmares-15-kinshasa-plateau.pdf,palmares-15-kinshasa-plateau.txt,palmares-2023-kinshasa-plateau-15.txt,55760,26835,-28925
palmares-2011-bandundu.pdf,palmares-2011-bandundu.txt,palmares-2011-bandundu.txt,78123,73091,-5032
palmares-2011-bas-congo.pdf,palmares-2011-bas-congo.txt,palmares-2011-bas-congo.txt,21167,19783,-1384
palmares-2011-equateur.pdf,palmares-2011-equateur.txt,palmares-2011-equateur.txt,31735,29926,-1809
palmares-2011-hors-frontieres.pdf,palmares-2011-hors-frontieres.txt,palmares-2011-hf.txt,933,867,-66
palmares-2011-junacyp.pdf,palmares-2011-junacyp.txt,palmares-2011-junacyc.txt,7011,6330,-681
palmares-2011-kasai-occidental.pdf,palmares-2011-kasai-occidental.txt,palmares-2011-kasai-occidental.txt,30420,28828,-1592
palmares-2011-kasai-oriental.pdf,palmares-2011-kasai-oriental.txt,palmares-2011-kasai-oriental.txt,32494,30548,-1946
palmares-2011-katanga.pdf,palmares-2011-katanga.txt,palmares-2011-katanga.txt,47867,45521,-2346
palmares-2011-kinshasa.pdf,palmares-2011-kinshasa.txt,palmares-2011-kinshasa.txt,81038,77323,-3715
palmares-2011-maniema.pdf,palmares-2011-maniema.txt,palmares-2011-maniema.txt,11961,11364,-597
palmares-2011-nord-kivu.pdf,palmares-2011-nord-kivu.txt,palmares-2011-nord-kivu.txt,30526,28990,-1536
palmares-2011-prov-orientale.pdf,palmares-2011-prov-orientale.txt,palmares-2011-province-orientale.txt,22020,20765,-1255
palmares-2011-sud-kivu.pdf,palmares-2011-sud-kivu.txt,palmares-2011-sud-kivu.txt,28371,27187,-1184
palmares-2012-technique-tous.pdf,palmares-2012-technique-tous.txt,palmares-2012-technique-tous.txt,82028,76050,-5978
palmares-2014-global.pdf,palmares-2014-global.txt,palmares-2014-global.txt,456771,428403,-28368
palmares-2020-74-lualaba-corrige-922a.pdf,palmares-2020-74-lualaba-corrige-922a.txt,palmares-2020-lualaba-corrige-922a.txt,33,31,-2
palmares-2020-global.pdf,palmares-2020-global.txt,palmares-2020-global.txt,826263,778340,-47923
palmares-2020-hors-frontieres-ss.pdf,palmares-2020-hors-frontieres-ss.txt,palmares-2020-hf-ss.txt,524,511,-13
palmares-2020-junacyc-lualaba-corrige-919.pdf,palmares-2020-junacyc-lualaba-corrige-919.txt,palmares-2020-junacyc-lualaba-corrige-919.txt,80,75,-5
palmares-2021-bas-uele.pdf,palmares-2021-bas-uele.txt,palmares-2021-bas-uele.txt,5012,2652,-2360
palmares-2021-equateur-1.pdf,palmares-2021-equateur-1.txt,palmares-2021-equateur-1.txt,25475,12989,-12486
palmares-2021-equateur-2.pdf,palmares-2021-equateur-2.txt,palmares-2021-equateur-2.txt,9811,5057,-4754
palmares-2021-global.pdf,palmares-2021-global.txt,palmares-2021-global.txt,715074,662569,-52505
palmares-2021-haut-katanga-1.pdf,palmares-2021-haut-katanga-1.txt,palmares-2021-haut-katanga-1.txt,114403,58886,-55517
palmares-2021-haut-katanga-2.pdf,palmares-2021-haut-katanga-2.txt,palmares-2021-haut-katanga-2.txt,8454,4289,-4165
palmares-2021-haut-lomami-1.pdf,palmares-2021-haut-lomami-1.txt,palmares-2021-haut-lomami-1.txt,23620,12069,-11551
palmares-2021-haut-lomami-2.pdf,palmares-2021-haut-lomami-2.txt,palmares-2021-haut-lomami-2.txt,15334,7771,-7563
palmares-2021-haut-uele-1.pdf,palmares-2021-haut-uele-1.txt,palmares-2021-haut-uele-1.txt,6201,3219,-2982
palmares-2021-haut-uele-2.pdf,palmares-2021-haut-uele-2.txt,palmares-2021-haut-uele-2.txt,3623,1936,-1687
palmares-2021-ituri-1.pdf,palmares-2021-ituri-1.txt,palmares-2021-ituri-1.txt,15502,8028,-7474
palmares-2021-ituri-2.pdf,palmares-2021-ituri-2.txt,palmares-2021-ituri-2.txt,6264,3233,-3031
palmares-2021-ituri-3.pdf,palmares-2021-ituri-3.txt,palmares-2021-ituri-3.txt,4409,2357,-2052
palmares-2021-kasai-1.pdf,palmares-2021-kasai-1.txt,palmares-2021-kasai-1.txt,29360,15170,-14190
palmares-2021-kasai-2.pdf,palmares-2021-kasai-2.txt,palmares-2021-kasai-2.txt,30659,15669,-14990
palmares-2021-kasai-central-1.pdf,palmares-2021-kasai-central-1.txt,palmares-2021-kasai-central-1.txt,31706,16306,-15400
palmares-2021-kasai-central-2.pdf,palmares-2021-kasai-central-2.txt,palmares-2021-kasai-central-2.txt,16174,8292,-7882
palmares-2021-kasai-oriental-1.pdf,palmares-2021-kasai-oriental-1.txt,palmares-2021-kasai-oriental-1.txt,31515,16081,-15434
palmares-2021-kasai-oriental-2.pdf,palmares-2021-kasai-oriental-2.txt,palmares-2021-kasai-oriental-2.txt,3807,1964,-1843
palmares-2021-kinshasa-funa.pdf,palmares-2021-kinshasa-funa.txt,palmares-2021-kinshasa-funa.txt,43495,22220,-21275
palmares-2021-kinshasa-lukunga.pdf,palmares-2021-kinshasa-lukunga.txt,palmares-2021-kinshasa-lukunga.txt,52472,27308,-25164
palmares-2021-kinshasa-mont-amba.pdf,palmares-2021-kinshasa-mont-amba.txt,palmares-2021-kinshasa-mont-amba.txt,61223,31148,-30075
palmares-2021-kinshasa-plateau.pdf,palmares-2021-kinshasa-plateau.txt,palmares-2021-kinshasa-plateau.txt,22802,11765,-11037
palmares-2021-kinshasa-tshangu.pdf,palmares-2021-kinshasa-tshangu.txt,palmares-2021-kinshasa-tshangu.txt,60028,30899,-29129
palmares-2021-kongo-central-1.pdf,palmares-2021-kongo-central-1.txt,palmares-2021-kongo-central-1.txt,32812,17096,-15716
palmares-2021-kongo-central-2.pdf,palmares-2021-kongo-central-2.txt,palmares-2021-kongo-central-2.txt,17566,9302,-8264
palmares-2021-kongo-central-3.pdf,palmares-2021-kongo-central-3.txt,palmares-2021-kongo-central-3.txt,11352,5864,-5488
palmares-2021-kwango-1.pdf,palmares-2021-kwango-1.txt,palmares-2021-kwango-1.txt,25139,13156,-11983
palmares-2021-kwango-2.pdf,palmares-2021-kwango-2.txt,palmares-2021-kwango-2.txt,18251,9315,-8936
palmares-2021-kwilu-1.pdf,palmares-2021-kwilu-1.txt,palmares-2021-kwilu-1.txt,25925,13444,-12481
palmares-2021-kwilu-2.pdf,,palmares-2021-kwilu-2.txt,,,
palmares-2021-kwilu-3.pdf,palmares-2021-kwilu-3.txt,palmares-2021-kwilu-3.txt,44637,23528,-21109
palmares-2021-lomami.pdf,palmares-2021-lomami.txt,palmares-2021-lomami.txt,47474,24363,-23111
palmares-2021-lualaba-1.pdf,palmares-2021-lualaba-1.txt,palmares-2021-lualaba-1.txt,18246,9353,-8893
palmares-2021-lualaba-2.pdf,palmares-2021-lualaba-2.txt,palmares-2021-lualaba-2.txt,9034,4599,-4435
palmares-2021-mai-ndombe-1.pdf,palmares-2021-mai-ndombe-1.txt,palmares-2021-mai-ndombe-1.txt,23022,11845,-11177
palmares-2021-mai-ndombe-2.pdf,palmares-2021-mai-ndombe-2.txt,palmares-2021-mai-ndombe-2.txt,11543,11072,-471
palmares-2021-maniema-1.pdf,palmares-2021-maniema-1.txt,palmares-2021-maniema-1.txt,15448,8148,-7300
palmares-2021-maniema-2.pdf,palmares-2021-maniema-2.txt,palmares-2021-maniema-2.txt,13731,7126,-6605
palmares-2021-mongala-1.pdf,palmares-2021-mongala-1.txt,palmares-2021-mongala-1.txt,10578,5583,-4995
palmares-2021-mongala-2.pdf,palmares-2021-mongala-2.txt,palmares-2021-mongala-2.txt,3840,2111,-1729
palmares-2021-nord-kivu-1.pdf,palmares-2021-nord-kivu-1.txt,palmares-2021-nord-kivu-1.txt,25264,12972,-12292
palmares-2021-nord-kivu-2.pdf,palmares-2021-nord-kivu-2.txt,palmares-2021-nord-kivu-2.txt,38259,19851,-18408
palmares-2021-nord-kivu-3.pdf,palmares-2021-nord-kivu-3.txt,palmares-2021-nord-kivu-3.txt,23846,12358,-11488
palmares-2021-nord-ubangi-1.pdf,palmares-2021-nord-ubangi-1.txt,palmares-2021-nord-ubangi-1.txt,9468,4975,-4493
palmares-2021-nord-ubangi-2.pdf,,palmares-2021-nord-ubangi-2.txt,,,
palmares-2021-sankuru-1.pdf,palmares-2021-sankuru-1.txt,palmares-2021-sankuru-1.txt,17789,9233,-8556
palmares-2021-sankuru-2.pdf,palmares-2021-sankuru-2.txt,palmares-2021-sankuru-2.txt,10538,5639,-4899
palmares-2021-sud-kivu-1.pdf,palmares-2021-sud-kivu-1.txt,palmares-2021-sud-kivu-1.txt,50790,25768,-25022
palmares-2021-sud-kivu-2.pdf,palmares-2021-sud-kivu-2.txt,palmares-2021-sud-kivu-2.txt,20801,10629,-10172
palmares-2021-sud-kivu-3.pdf,palmares-2021-sud-kivu-3.txt,palmares-2021-sud-kivu-3.txt,6535,3453,-3082
palmares-2021-sud-ubangi-1.pdf,palmares-2021-sud-ubangi-1.txt,palmares-2021-sud-ubangi-1.txt,13602,7281,-6321
palmares-2021-sud-ubangi-2.pdf,palmares-2021-sud-ubangi-2.txt,palmares-2021-sud-ubangi-2.txt,12819,6728,-6091
palmares-2021-tanganyika-1.pdf,palmares-2021-tanganyika-1.txt,palmares-2021-tanganyika-1.txt,9400,4800,-4600
palmares-2021-tanganyika-2.pdf,palmares-2021-tanganyika-2.txt,palmares-2021-tanganyika-2.txt,13474,6849,-6625
palmares-2021-tshopo-1.pdf,palmares-2021-tshopo-1.txt,palmares-2021-tshopo-1.txt,23382,12080,-11302
palmares-2021-tshopo-2.pdf,palmares-2021-tshopo-2.txt,palmares-2021-tshopo-2.txt,13744,7249,-6495
palmares-2021-tshuapa-1.pdf,,palmares-2021-tshuapa-1.txt,,,
palmares-2021-tshuapa-2.pdf,palmares-2021-tshuapa-2.txt,palmares-2021-tshuapa-2.txt,7663,3876,-3787
palmares-2022-bas-uele-code-54.pdf,palmares-2022-bas-uele-code-54.txt,palmares-2022-bas-uele-54.txt,3621,3383,-238
palmares-2022-equateur-1-code-41.pdf,palmares-2022-equateur-1-code-41.txt,palmares-2022-equateur-1-41.txt,13118,12328,-790
palmares-2022-equateur-2-code-46.pdf,palmares-2022-equateur-2-code-46.txt,palmares-2022-equateur-2-46.txt,5460,5042,-418
palmares-2022-global.pdf,palmares-2022-global.txt,palmares-2022-global.txt,802964,757446,-45518
palmares-2022-haut-katanga-1-code-71.pdf,palmares-2022-haut-katanga-1-code-71.txt,palmares-2022-haut-katanga-1-71.txt,81203,76301,-4902
palmares-2022-haut-katanga-2-code-76.pdf,palmares-2022-haut-katanga-2-code-76.txt,palmares-2022-haut-katanga-2-76.txt,4559,4306,-253
palmares-2022-haut-lomami-1-code-72.pdf,palmares-2022-haut-lomami-1-code-72.txt,palmares-2022-haut-lomami-1-72.txt,14190,13329,-861
palmares-2022-haut-lomami-2-code-75.pdf,palmares-2022-haut-lomami-2-code-75.txt,palmares-2022-haut-lomami-2-75.txt,8902,8511,-391
palmares-2022-haut-uele-1-code-53.pdf,palmares-2022-haut-uele-1-code-53.txt,palmares-2022-haut-uele-1-53.txt,3046,2714,-332
palmares-2022-haut-uele-2-code-58.pdf,palmares-2022-haut-uele-2-code-58.txt,palmares-2022-haut-uele-2-58.txt,2357,2099,-258
palmares-2022-hors-frontiere-code-01.pdf,palmares-2022-hors-frontiere-code-01.txt,palmares-2022-hors-frontiere-01.txt,415,401,-14
palmares-2022-ituri-1-code-52.pdf,palmares-2022-ituri-1-code-52.txt,palmares-2022-ituri-1-52.txt,11272,10541,-731
palmares-2022-ituri-2-code-56.pdf,palmares-2022-ituri-2-code-56.txt,palmares-2022-ituri-2-56.txt,3026,2759,-267
palmares-2022-ituri-3-code-57.pdf,palmares-2022-ituri-3-code-57.txt,palmares-2022-ituri-3-57.txt,2303,2046,-257
palmares-2022-junacyc.pdf,palmares-2022-junacyc.txt,palmares-2022-junacyc.txt,7476,6809,-667
palmares-2022-kasai-1-code-82.pdf,palmares-2022-kasai-1-code-82.txt,palmares-2022-kasai-1-82.txt,17583,16258,-1325
palmares-2022-kasai-2-code-84.pdf,palmares-2022-kasai-2-code-84.txt,palmares-2022-kasai-2-84.txt,19819,18683,-1136
palmares-2022-kasai-central-1-code-81.pdf,palmares-2022-kasai-central-1-code-81.txt,palmares-2022-kasai-central-1-81.txt,20330,19249,-1081
palmares-2022-kasai-central-2-code-83.pdf,palmares-2022-kasai-central-2-code-83.txt,palmares-2022-kasai-central-2-83.txt,12470,11935,-535
palmares-2022-kasai-oriental-1-code-91.pdf,palmares-2022-kasai-oriental-1-code-91.txt,palmares-2022-kasai-oriental-1-91.txt,17850,16912,-938
palmares-2022-kasai-oriental-2-code-94.pdf,palmares-2022-kasai-oriental-2-code-94.txt,palmares-2022-kasai-oriental-2-code-94.txt,2345,2189,-156
palmares-2022-kinshasa-funa-code-12.pdf,palmares-2022-kinshasa-funa-code-12.txt,palmares-2022-kinshasa-funa-code-12.txt,26814,25387,-1427
palmares-2022-kinshasa-lukunga-code-13.pdf,palmares-2022-kinshasa-lukunga-code-13.txt,palmares-2022-kinshasa-lukunga-code-13.txt,39256,36765,-2491
palmares-2022-kinshasa-mont-amba-code-11.pdf,palmares-2022-kinshasa-mont-amba-code-11.txt,palmares-2022-kinshasa-mont-amba-code-11.txt,32393,30500,-1893
palmares-2022-kinshasa-plateau-code-15.pdf,palmares-2022-kinshasa-plateau-code-15.txt,palmares-2022-kinshasa-plateau-code-15.txt,17010,15865,-1145
palmares-2022-kinshasa-tshangu-code-14.pdf,palmares-2022-kinshasa-tshangu-code-14.txt,palmares-2022-kinshasa-tshangu-code-14.txt,40481,38247,-2234
palmares-2022-kongo-central-1-code-21.pdf,palmares-2022-kongo-central-1-code-21.txt,palmares-2022-kongo-central-1-code-21.txt,36733,34820,-1913
palmares-2022-kongo-central-2-code-22.pdf,palmares-2022-kongo-central-2-code-22.txt,palmares-2022-kongo-central-2-code-22.txt,11015,9993,-1022
palmares-2022-kongo-central-3-code-23.pdf,palmares-2022-kongo-central-3-code-23.txt,palmares-2022-kongo-central-3-code-23.txt,7325,6849,-476
palmares-2022-kwango-1-code-33.pdf,palmares-2022-kwango-1-code-33.txt,palmares-2022-kwango-1-code-33.txt,20635,19171,-1464
palmares-2022-kwango-2-code-36.pdf,palmares-2022-kwango-2-code-36.txt,palmares-2022-kwango-2-code-36.txt,9776,9028,-748
palmares-2022-kwilu-1-code-32.pdf,palmares-2022-kwilu-1-code-32.txt,palmares-2022-kwilu-1-code-32.txt,12356,11193,-1163
palmares-2022-kwilu-2-code-34.pdf,palmares-2022-kwilu-2-code-34.txt,palmares-2022-kwilu-2-code-34.txt,42280,39219,-3061
palmares-2022-kwilu-3-code-35.pdf,palmares-2022-kwilu-3-code-35.txt,palmares-2022-kwilu-3-code-35.txt,34637,32144,-2493
palmares-2022-lomami-2-code-96.pdf,palmares-2022-lomami-2-code-96.txt,palmares-2022-lomami-2-code-96.txt,14676,13972,-704
palmares-2022-lomami-code-93.pdf,palmares-2022-lomami-code-93.txt,palmares-2022-lomami-code-93.txt,17333,16325,-1008
palmares-2022-lualaba-1-code-74.pdf,palmares-2022-lualaba-1-code-74.txt,palmares-2022-lualaba-1-code-74.txt,15118,14410,-708
palmares-2022-lualaba-2-code-78.pdf,palmares-2022-lualaba-2-code-78.txt,palmares-2022-lualaba-2-code-78.txt,4578,4302,-276
palmares-2022-mai-ndombe-1-code-31.pdf,palmares-2022-mai-ndombe-1-code-31.txt,palmares-2022-mai-ndombe-1-code-31.txt,6617,6229,-388
palmares-2022-mai-ndombe-2-code-37.pdf,palmares-2022-mai-ndombe-2-code-37.txt,palmares-2022-mai-ndombe-2-code-37.txt,8057,7637,-420
palmares-2022-mai-ndombe-3-code-38.pdf,palmares-2022-mai-ndombe-3-code-38.txt,palmares-2022-mai-ndombe-3-code-38.txt,10541,9897,-644
palmares-2022-maniema-1-code-64.pdf,palmares-2022-maniema-1-code-64.txt,palmares-2022-maniema-1-code-64.txt,8177,7408,-769
palmares-2022-maniema-2-code-68-1.pdf,palmares-2022-maniema-2-code-68-1.txt,palmares-2022-maniema-2-code-68-1.txt,6736,6154,-582
palmares-2022-mongala-1-code-44.pdf,palmares-2022-mongala-1-code-44.txt,palmares-2022-mongala-1-code-44.txt,5039,4485,-554
palmares-2022-mongala-2-code-49.pdf,palmares-2022-mongala-2-code-49.txt,palmares-2022-mongala-2-code-49.txt,4053,3772,-281
palmares-2022-nord-kivu-1-code-61.pdf,palmares-2022-nord-kivu-1-code-61.txt,palmares-2022-nord-kivu-1-code-61.txt,13457,12299,-1158
palmares-2022-nord-kivu-2-code-62-1.pdf,palmares-2022-nord-kivu-2-code-62-1.txt,palmares-2022-nord-kivu-2-code-62-1.txt,23371,21334,-2037
palmares-2022-nord-kivu-3-code-66.pdf,palmares-2022-nord-kivu-3-code-66.txt,palmares-2022-nord-kivu-3-code-66.txt,9583,8779,-804
palmares-2022-nord-ubangi-1-code-45.pdf,palmares-2022-nord-ubangi-1-code-45.txt,palmares-2022-nord-ubangi-1-code-45.txt,5039,4568,-471
palmares-2022-nord-ubangi-2-code-40.pdf,palmares-2022-nord-ubangi-2-code-40.txt,palmares-2022-nord-ubangi-2-code-40.txt,2130,1890,-240
palmares-2022-sankuru-1-code-92.pdf,palmares-2022-sankuru-1-code-92.txt,palmares-2022-sankuru-1-code-92.txt,7211,6366,-845
palmares-2022-sankuru-2-code-95.pdf,palmares-2022-sankuru-2-code-95.txt,palmares-2022-sankuru-2-code-95.txt,8375,7679,-696
palmares-2022-sud-kivu-1-code-63.pdf,palmares-2022-sud-kivu-1-code-63.txt,palmares-2022-sud-kivu-1-code-63.txt,16674,14849,-1825
palmares-2022-sud-kivu-2-code-65.pdf,palmares-2022-sud-kivu-2-code-65.txt,palmares-2022-sud-kivu-2-code-65.txt,9025,8236,-789
palmares-2022-sud-kivu-3-code-67.pdf,palmares-2022-sud-kivu-3-code-67.txt,palmares-2022-sud-kivu-3-code-67.txt,3935,3571,-364
palmares-2022-sud-ubangi-1-code-42.pdf,palmares-2022-sud-ubangi-1-code-42.txt,palmares-2022-sud-ubangi-1-code-42.txt,7955,7154,-801
palmares-2022-sud-ubangi-2-code-47.pdf,palmares-2022-sud-ubangi-2-code-47.txt,palmares-2022-sud-ubangi-2-code-47.txt,6619,6013,-606
palmares-2022-tanganyika-1-code-73.pdf,palmares-2022-tanganyika-1-code-73.txt,palmares-2022-tanganyika-1-code-73.txt,9335,8928,-407
palmares-2022-tanganyika-2-code-77.pdf,palmares-2022-tanganyika-2-code-77.txt,palmares-2022-tanganyika-2-code-77.txt,8552,8189,-363
palmares-2022-tshopo-1-code-51.pdf,palmares-2022-tshopo-1-code-51.txt,palmares-2022-tshopo-1-code-51.txt,18115,17171,-944
palmares-2022-tshopo-2-code-55.pdf,palmares-2022-tshopo-2-code-55.txt,palmares-2022-tshopo-2-code-55.txt,8572,7811,-761
palmares-2022-tshuapa-1-code-43.pdf,palmares-2022-tshuapa-1-code-43.txt,palmares-2022-tshuapa-1-code-43.txt,3926,3743,-183
palmares-2022-tshuapa-2-code-48.pdf,palmares-2022-tshuapa-2-code-48.txt,palmares-2022-tshuapa-2-code-48.txt,3727,3472,-255
palmares-2023-32-kwilu-1.pdf,palmares-2023-32-kwilu-1.txt,palmares-2023-32-kwilu-1.txt,57367,27546,-29821
palmares-2023-34-kwilu-2.pdf,palmares-2023-34-kwilu-2.txt,palmares-2023-34-kwilu-2.txt,153204,76320,-76884
palmares-2023-35-kwilu-3.pdf,palmares-2023-35-kwilu-3.txt,palmares-2023-35-kwilu-3.txt,102732,51746,-50986
palmares-21-kongo-central-1-2016.pdf,palmares-21-kongo-central-1-2016.txt,palmares-2016-kongo-central-1.txt,16376,15229,-1147
palmares-21-kongo-central-1.pdf,palmares-21-kongo-central-1.txt,palmares-2023-kongo-central-1-21.txt,102603,48446,-54157
palmares-22-kongo-central-2-2016.pdf,palmares-22-kongo-central-2-2016.txt,palmares-2016-kongo-central-2.txt,12331,11365,-966
palmares-22-kongo-central-2.pdf,palmares-22-kongo-central-2.txt,palmares-2023-kongo-central-2-22.txt,56396,26004,-30392
palmares-23-kongo-central-3.pdf,palmares-23-kongo-central-3.txt,palmares-2023-kongo-central-3-23.txt,27847,12664,-15183
palmares-31-mai-ndombe-1.pdf,palmares-31-mai-ndombe-1.txt,palmares-2023-mai-ndombe-1-31.txt,22890,10360,-12530
palmares-31-maindombe-2016.pdf,palmares-31-maindombe-2016.txt,palmares-2016-mai-ndombe-31.txt,12220,11359,-861
palmares-32-kwilu-2016.pdf,palmares-32-kwilu-2016.txt,palmares-2016-kwilu-32.txt,49462,45514,-3948
palmares-33-kwango-1.pdf,palmares-33-kwango-1.txt,palmares-2023-kwango-1-33.txt,13384,6444,-6940
palmares-33-kwango-2016.pdf,palmares-33-kwango-2016.txt,palmares-2016-kwango-33.txt,16360,14993,-1367
palmares-36-kwango-2.pdf,palmares-36-kwango-2.txt,palmares-2023-kwango-2-36.txt,38688,18410,-20278
palmares-37-mai-ndombe-2.pdf,palmares-37-mai-ndombe-2.txt,palmares-2023-mai-ndombe-2-37.txt,22555,10213,-12342
palmares-38-mai-ndombe-3.pdf,palmares-38-mai-ndombe-3.txt,palmares-2023-mai-ndombe-3-38.txt,33408,15850,-17558
palmares-40-nord-ubangi-2.pdf,palmares-40-nord-ubangi-2.txt,palmares-2023-nord-ubangi-2-40.txt,12048,6096,-5952
palmares-41-equateur-1.pdf,palmares-41-equateur-1.txt,palmares-2023-equateur-1-41.txt,50017,22678,-27339
palmares-41-equateur-2016.pdf,palmares-41-equateur-2016.txt,palmares-2016-equateur-41.txt,11112,10401,-711
palmares-42-sud-ubangi-1.pdf,palmares-42-sud-ubangi-1.txt,palmares-2023-sud-ubangi-1-42.txt,29217,14918,-14299
palmares-42-sud-ubangi-2016.pdf,palmares-42-sud-ubangi-2016.txt,palmares-2016-sud-ubangi-42.txt,8685,8118,-567
palmares-43-tshuapa-1.pdf,palmares-43-tshuapa-1.txt,palmares-2023-tshuapa-1-43.txt,17814,7484,-10330
palmares-43-tshuapa-2016.pdf,palmares-43-tshuapa-2016.txt,palmares-2016-tshuapa-43.txt,4499,4187,-312
palmares-44-mongala-1.pdf,palmares-44-mongala-1.txt,palmares-2023-mongala-1-44.txt,30271,13917,-16354
palmares-44-mongala-2016.pdf,palmares-44-mongala-2016.txt,palmares-2016-mongala-44.txt,6694,6163,-531
palmares-45-nord-ubangi-1.pdf,palmares-45-nord-ubangi-1.txt,palmares-2023-nord-ubangi-1-45.txt,13504,6822,-6682
palmares-45-nord-ubangi-2016.pdf,palmares-45-nord-ubangi-2016.txt,palmares-2016-nord-ubangi-45.txt,5105,4715,-390
palmares-46-equateur-2.pdf,palmares-46-equateur-2.txt,palmares-2023-equateur-2-46.txt,20772,9815,-10957
palmares-47-sud-ubangi-2.pdf,palmares-47-sud-ubangi-2.txt,palmares-2023-sud-ubangi-2-47.txt,26661,13295,-13366
palmares-48-tshuapa-2.pdf,palmares-48-tshuapa-2.txt,palmares-2023-tshuapa-2-48.txt,19694,8577,-11117
palmares-49-mongala-2.pdf,palmares-49-mongala-2.txt,palmares-2023-mongala-2-49.txt,13384,6444,-6940
palmares-51-tshopo-1.pdf,palmares-51-tshopo-1.txt,palmares-2023-tshopo-1-51.txt,58810,26235,-32575
palmares-51-tshopo-2016.pdf,palmares-51-tshopo-2016.txt,palmares-2016-tshopo-51.txt,17191,16135,-1056
palmares-52-ituri-1.pdf,palmares-52-ituri-1.txt,palmares-2023-ituri-1-52.txt,31985,15757,-16228
palmares-52-ituri-2016.pdf,palmares-52-ituri-2016.txt,palmares-2016-ituri-52.txt,14790,13896,-894
palmares-53-haut-uele-1.pdf,palmares-53-haut-uele-1.txt,palmares-2023-haut-uele-1-53.txt,15696,7517,-8179
palmares-53-haut-uele-2016.pdf,palmares-53-haut-uele-2016.txt,palmares-2016-haut-uele-53.txt,4233,3971,-262
palmares-54-bas-uele-2016.pdf,palmares-54-bas-uele-2016.txt,palmares-2016-bas-uele-54.txt,2023,1875,-148
palmares-54-bas-uele.pdf,palmares-54-bas-uele.txt,palmares-2023-bas-uele-54.txt,13537,6328,-7209
palmares-55-tshopo-2.pdf,palmares-55-tshopo-2.txt,palmares-2023-tshopo-2-55.txt,35623,17452,-18171
palmares-56-ituri-2.pdf,palmares-56-ituri-2.txt,palmares-2023-ituri-2-56.txt,14472,6695,-7777
palmares-57-ituri-3.pdf,palmares-57-ituri-3.txt,palmares-2023-ituri-3-57.txt,12224,5897,-6327
palmares-58-haut-uele-2.pdf,palmares-58-haut-uele-2.txt,palmares-2023-haut-uele-2-58.txt,11592,5733,-5859
palmares-61-nord-kivu-1-2016.pdf,palmares-61-nord-kivu-1-2016.txt,palmares-2016-nord-kivu-61.txt,24256,22930,-1326
palmares-61-nord-kivu-1.pdf,palmares-61-nord-kivu-1.txt,palmares-2023-nord-kivu-1-61.txt,38048,18236,-19812
palmares-62-nord-kivu-2-2016.pdf,palmares-62-nord-kivu-2-2016.txt,palmares-2016-nord-kivu-62.txt,20618,19425,-1193
palmares-62-nord-kivu-2.pdf,palmares-62-nord-kivu-2.txt,palmares-2023-nord-kivu-2-62.txt,86062,42452,-43610
palmares-63-sud-kivu-1.pdf,palmares-63-sud-kivu-1.txt,palmares-2023-sud-kivu-1-63.txt,111719,49933,-61786
palmares-63-sud-kivu-2016.pdf,palmares-63-sud-kivu-2016.txt,palmares-2016-sud-kivu-63.txt,35988,33969,-2019
palmares-64-maniema-1.pdf,palmares-64-maniema-1.txt,palmares-2023-maniema-1-64.txt,34682,16874,-17808
palmares-64-maniema-2016.pdf,palmares-64-maniema-2016.txt,palmares-2016-maniema-64.txt,12785,11831,-954
palmares-65-sud-kivu-2.pdf,palmares-65-sud-kivu-2.txt,palmares-2023-sud-kivu-2-65.txt,61457,26521,-34936
palmares-66-nord-kivu-3.pdf,palmares-66-nord-kivu-3.txt,palmares-2023-nord-kivu-3-66.txt,36134,17733,-18401
palmares-67-sud-kivu-3.pdf,palmares-67-sud-kivu-3.txt,palmares-2023-sud-kivu-3-67.txt,17443,8533,-8910
palmares-68-maniema-2.pdf,palmares-68-maniema-2.txt,palmares-2023-maniema-2-68.txt,30682,14223,-16459
palmares-71-haut-katanga-1.pdf,palmares-71-haut-katanga-1.txt,palmares-2023-haut-katanga-1-71.txt,256854,121752,-135102
palmares-71-haut-katanga-2016.pdf,palmares-71-haut-katanga-2016.txt,palmares-2016-haut-katanga-71.txt,40845,38541,-2304
palmares-72-haut-lomami-1.pdf,palmares-72-haut-lomami-1.txt,palmares-2023-haut-lomami-1-72.txt,44719,20857,-23862
palmares-72-haut-lomami-2016.pdf,palmares-72-haut-lomami-2016.txt,palmares-2016-haut-lomami-72.txt,14028,13146,-882
palmares-73-tanganyika-1.pdf,palmares-73-tanganyika-1.txt,palmares-2023-tanganyika-1-73.txt,28441,12711,-15730
palmares-73-tanganyika-2016.pdf,palmares-73-tanganyika-2016.txt,palmares-2016-tanganyika-73.txt,11245,10599,-646
palmares-74-lualaba-1.pdf,palmares-74-lualaba-1.txt,palmares-2023-lualaba-1-74.txt,50288,22315,-27973
palmares-74-lualaba-2016.pdf,palmares-74-lualaba-2016.txt,palmares-2016-lualaba-74.txt,7645,7159,-486
palmares-75-haut-lomami-2.pdf,palmares-75-haut-lomami-2.txt,palmares-2023-haut-lomami-2-75.txt,29028,12431,-16597
palmares-76-haut-katanga-2.pdf,palmares-76-haut-katanga-2.txt,palmares-2023-haut-katanga-2-76.txt,13965,6445,-7520
palmares-77-tanganyika-2.pdf,palmares-77-tanganyika-2.txt,palmares-2023-tanganyika-2-77.txt,29689,12806,-16883
palmares-78-lualaba-2.pdf,palmares-78-lualaba-2.txt,palmares-2023-lualaba-2-78.txt,16913,7595,-9318
palmares-81-kasai-central-1.pdf,palmares-81-kasai-central-1.txt,palmares-2023-kasai-central-1-81.txt,80504,34888,-45616
palmares-81-kasai-central-2016.pdf,palmares-81-kasai-central-2016.txt,palmares-2016-kasai-central-81.txt,17881,16600,-1281
palmares-82-kasai-1.pdf,palmares-82-kasai-1.txt,palmares-2023-kasai-1-82.txt,58678,28562,-30116
palmares-82-kasai-2016.pdf,palmares-82-kasai-2016.txt,palmares-2016-kasai-82.txt,19209,17661,-1548
palmares-83-kasai-central-2.pdf,palmares-83-kasai-central-2.txt,palmares-2023-kasai-central-2-83.txt,36426,16053,-20373
palmares-84-kasai-2.pdf,palmares-84-kasai-2.txt,palmares-2023-kasai-2-84.txt,59984,27394,-32590
palmares-91-kasai-oriental-1.pdf,palmares-91-kasai-oriental-1.txt,palmares-2023-kasai-oriental-1-91.txt,67560,28776,-38784
palmares-91-kasai-oriental-2016.pdf,palmares-91-kasai-oriental-2016.txt,palmares-2016-kasai-oriental-91.txt,12721,12086,-635
palmares-92-sankuru-1.pdf,palmares-92-sankuru-1.txt,palmares-2023-sankuru-1-92.txt,32691,16255,-16436
palmares-93-lomami-1.pdf,palmares-93-lomami-1.txt,palmares-2023-lomami-1-93.txt,52489,24616,-27873
palmares-93-lomami-2016.pdf,palmares-93-lomami-2016.txt,palmares-2016-lomami-93.txt,18138,16968,-1170
palmares-94-kasai-oriental-2.pdf,palmares-94-kasai-oriental-2.txt,palmares-2023-kasai-oriental-2-94.txt,10483,4736,-5747
palmares-95-sankuru-2.pdf,palmares-95-sankuru-2.txt,palmares-2023-sankuru-2-95.txt,27091,13199,-13892
palmares-96-lomami-2.pdf,palmares-96-lomami-2.txt,palmares-2023-lomami-2-96.txt,45774,19465,-26309
palmares-bandundu-1-31-2010.pdf,palmares-bandundu-1-31-2010.txt,palmares-2010-bandundu-1-31.txt,18228,17070,-1158
palmares-bandundu-1-31-2013.pdf,palmares-bandundu-1-31-2013.txt,palmares-2013-bandundu-1-31.txt,18452,17027,-1425
palmares-bandundu-1-31-2015.pdf,palmares-bandundu-1-31-2015.txt,palmares-2015-bandundu-1-31.txt,18011,16605,-1406
palmares-bandundu-2-32-2010.pdf,palmares-bandundu-2-32-2010.txt,palmares-2010-bandundu-2-32.txt,38226,35718,-2508
palmares-bandundu-2-32-2013.pdf,palmares-bandundu-2-32-2013.txt,palmares-2013-bandundu-2-32.txt,34515,31354,-3161
palmares-bandundu-2-32-2015.pdf,palmares-bandundu-2-32-2015.txt,palmares-2015-bandundu-2-32.txt,39798,36573,-3225
palmares-bandundu-2008.pdf,palmares-bandundu-2008.txt,palmares-2008-bandundu.txt,35693,33485,-2208
palmares-bandundu-2009.pdf,palmares-bandundu-2009.txt,palmares-2009-bandundu.txt,63398,59267,-4131
palmares-bandundu-2012.pdf,palmares-bandundu-2012.txt,palmares-2012-bandundu.txt,52726,48625,-4101
palmares-bandundu-3-33-2010.pdf,palmares-bandundu-3-33-2010.txt,palmares-2010-bandundu-3-33.txt,13967,13205,-762
palmares-bandundu-3-33-2013.pdf,palmares-bandundu-3-33-2013.txt,palmares-2013-bandundu-3-33.txt,11565,10358,-1207
palmares-bandundu-3-33-2015.pdf,palmares-bandundu-3-33-2015.txt,palmares-2015-bandundu-3-33.txt,16544,15184,-1360
palmares-bas-congo-1-21-2010.pdf,palmares-bas-congo-1-21-2010.txt,palmares-2010-bas-congo-1-21.txt,11269,10561,-708
palmares-bas-congo-1-21-2013.pdf,palmares-bas-congo-1-21-2013.txt,palmares-2013-bas-congo-1-21.txt,11288,10416,-872
palmares-bas-congo-1-21-2015.pdf,palmares-bas-congo-1-21-2015.txt,palmares-2015-bas-congo-1-21.txt,16580,15528,-1052
palmares-bas-congo-2-22-2010.pdf,palmares-bas-congo-2-22-2010.txt,palmares-2010-bas-congo-2-22.txt,7940,7315,-625
palmares-bas-congo-2-22-2013.pdf,palmares-bas-congo-2-22-2013.txt,palmares-2013-bas-congo-2-22.txt,7327,6490,-837
palmares-bas-congo-2-22-2015.pdf,palmares-bas-congo-2-22-2015.txt,palmares-2015-bas-congo-2-22.txt,11723,10833,-890
palmares-bas-congo-2008.pdf,palmares-bas-congo-2008.txt,palmares-2008-bas-congo.txt,9772,9038,-734
palmares-bas-congo-2009.pdf,palmares-bas-congo-2009.txt,palmares-2009-bas-congo.txt,17087,15821,-1266
palmares-bas-congo-2012.pdf,palmares-bas-congo-2012.txt,palmares-2012-bas-congo.txt,16266,15225,-1041
palmares-bas-uele-2018.pdf,palmares-bas-uele-2018.txt,palmares-2018-bas-uele.txt,2484,2314,-170
palmares-definitif-bas-uele-2017-54.pdf,palmares-definitif-bas-uele-2017-54.txt,palmares-2017-definitif-bas-uele-54.txt,2549,2389,-160
palmares-definitif-equateur-2017-41.pdf,palmares-definitif-equateur-2017-41.txt,palmares-2017-definitif-equateur-41.txt,12098,11316,-782
palmares-definitif-haut-katanga-2017-71.pdf,palmares-definitif-haut-katanga-2017-71.txt,palmares-2017-definitif-haut-katanga-71.txt,47840,44876,-2964
palmares-definitif-haut-lomami-2017-72.pdf,palmares-definitif-haut-lomami-2017-72.txt,palmares-2017-definitif-haut-lomami-72.txt,16334,15409,-925
palmares-definitif-haut-uele-2017-53.pdf,palmares-definitif-haut-uele-2017-53.txt,palmares-2017-definitif-haut-uele-53.txt,4781,4474,-307
palmares-definitif-hors-frontiere-2017-0x.pdf,palmares-definitif-hors-frontiere-2017-0x.txt,palmares-2017-definitif-hors-frontiere-0x.txt,337,329,-8
palmares-definitif-ituri-2017-52.pdf,palmares-definitif-ituri-2017-52.txt,palmares-2017-definitif-ituri-52.txt,16148,15209,-939
palmares-definitif-kasai-2017-82.pdf,palmares-definitif-kasai-2017-82.txt,palmares-2017-definitif-kasai-82.txt,16160,14824,-1336
palmares-definitif-kasai-central-2017-81.pdf,palmares-definitif-kasai-central-2017-81.txt,palmares-2017-definitif-kasai-central-81.txt,14688,13617,-1071
palmares-definitif-kasai-oriental-2017-91.pdf,palmares-definitif-kasai-oriental-2017-91.txt,palmares-2017-definitif-kasai-oriental-91.txt,14091,13373,-718
palmares-definitif-kinshasa-centre-2017-12.pdf,palmares-definitif-kinshasa-centre-2017-12.txt,palmares-2017-definitif-kinshasa-centre-12.txt,31066,29611,-1455
palmares-definitif-kinshasa-est-2017-11-definitif.pdf,palmares-definitif-kinshasa-est-2017-11-definitif.txt,palmares-2017-definitif-kinshasa-est-11-definitif.txt,46999,44244,-2755
palmares-definitif-kinshasa-ouest-2017-13.pdf,palmares-definitif-kinshasa-ouest-2017-13.txt,palmares-2017-definitif-kinshasa-ouest-13.txt,32791,30701,-2090
palmares-definitif-kongo-central-2-2017-22.pdf,palmares-definitif-kongo-central-2-2017-22.txt,palmares-2017-definitif-kongo-central-2-22.txt,13538,12527,-1011
palmares-definitif-kongo-central1-2017-21.pdf,palmares-definitif-kongo-central1-2017-21.txt,palmares-2017-definitif-kongo-central1-21.txt,17799,16537,-1262
palmares-definitif-kwango-2017-33.pdf,palmares-definitif-kwango-2017-33.txt,palmares-2017-definitif-kwango-33.txt,16667,15196,-1471
palmares-definitif-kwilu-2017-32.pdf,palmares-definitif-kwilu-2017-32.txt,palmares-2017-definitif-kwilu-32.txt,57143,52374,-4769
palmares-definitif-lomami2017-93.pdf,palmares-definitif-lomami2017-93.txt,palmares-2017-definitif-lomami-93.txt,19170,17909,-1261
palmares-definitif-lualaba-2017-74.pdf,palmares-definitif-lualaba-2017-74.txt,palmares-2017-definitif-lualaba-74.txt,8382,7827,-555
palmares-definitif-maindombe-2017-31.pdf,palmares-definitif-maindombe-2017-31.txt,palmares-2017-definitif-maindombe-31.txt,12884,11993,-891
palmares-definitif-maniema-2017-64.pdf,palmares-definitif-maniema-2017-64.txt,palmares-2017-definitif-maniema-64.txt,13928,12915,-1013
palmares-definitif-mongala-2017-44.pdf,palmares-definitif-mongala-2017-44.txt,palmares-2017-definitif-mongala-44.txt,7267,6698,-569
palmares-definitif-nord-kivu-1-2017-61.pdf,palmares-definitif-nord-kivu-1-2017-61.txt,palmares-2017-definitif-nord-kivu-1-61.txt,25365,23911,-1454
palmares-definitif-nord-kivu-2-2017-62.pdf,palmares-definitif-nord-kivu-2-2017-62.txt,palmares-2017-definitif-nord-kivu-2-62.txt,22010,20732,-1278
palmares-definitif-nord-ubangi-2017-45.pdf,palmares-definitif-nord-ubangi-2017-45.txt,palmares-2017-definitif-nord-ubangi-45.txt,5431,5028,-403
palmares-definitif-sankuru-2017-92.pdf,palmares-definitif-sankuru-2017-92.txt,palmares-2017-definitif-sankuru-92.txt,12482,11385,-1097
palmares-definitif-sud-kivu-2017-63.pdf,palmares-definitif-sud-kivu-2017-63.txt,palmares-2017-definitif-sud-kivu-63.txt,39665,37477,-2188
palmares-definitif-sud-ubangi-2017-42.pdf,palmares-definitif-sud-ubangi-2017-42.txt,palmares-2017-definitif-sud-ubangi-42.txt,10070,9384,-686
palmares-definitif-tanganyika-2017-73.pdf,palmares-definitif-tanganyika-2017-73.txt,palmares-2017-definitif-tanganyika-73.txt,10786,10110,-676
palmares-definitif-tshopo-2017-51.pdf,palmares-definitif-tshopo-2017-51.txt,palmares-2017-definitif-tshopo-51.txt,18768,17528,-1240
palmares-definitif-tshuapa-2017-43.pdf,palmares-definitif-tshuapa-2017-43.txt,palmares-2017-definitif-tshuapa-43.txt,4484,4132,-352
palmares-equateur-1-41-2010.pdf,palmares-equateur-1-41-2010.txt,palmares-2010-equateur-1-41.txt,7695,7326,-369
palmares-equateur-1-41-2013.pdf,palmares-equateur-1-41-2013.txt,palmares-2013-equateur-1-41.txt,9004,8356,-648
palmares-equateur-1-41-2015.pdf,palmares-equateur-1-41-2015.txt,palmares-2015-equateur-1-41.txt,11922,11158,-764
palmares-equateur-2-42-2010.pdf,palmares-equateur-2-42-2010.txt,palmares-2010-equateur-2-42.txt,4345,3997,-348
palmares-equateur-2-42-2013.pdf,palmares-equateur-2-42-2013.txt,palmares-2013-equateur-2-42.txt,6237,5697,-540
palmares-equateur-2-42-2015.pdf,palmares-equateur-2-42-2015.txt,palmares-2015-equateur-2-42.txt,7923,7335,-588
palmares-equateur-2008.pdf,palmares-equateur-2008.txt,palmares-2008-equateur.txt,12065,11348,-717
palmares-equateur-2009.pdf,palmares-equateur-2009.txt,palmares-2009-equateur.txt,23204,21644,-1560
palmares-equateur-2012.pdf,palmares-equateur-2012.txt,palmares-2012-equateur.txt,23441,22260,-1181
palmares-equateur-2018.pdf,palmares-equateur-2018.txt,palmares-2018-equateur.txt,14233,13376,-857
palmares-equateur-3-43-2010.pdf,palmares-equateur-3-43-2010.txt,palmares-2010-equateur-3-43.txt,3837,3673,-164
palmares-equateur-3-43-2013.pdf,palmares-equateur-3-43-2013.txt,palmares-2013-equateur-3-43.txt,3929,3616,-313
palmares-equateur-3-43-2015.pdf,palmares-equateur-3-43-2015.txt,palmares-2015-equateur-3-43.txt,3867,3566,-301
palmares-equateur-4-44-2010.pdf,palmares-equateur-4-44-2010.txt,palmares-2010-equateur-4-44.txt,5996,5696,-300
palmares-equateur-4-44-2013.pdf,palmares-equateur-4-44-2013.txt,palmares-2013-equateur-4-44.txt,5474,5025,-449
palmares-equateur-4-44-2015.pdf,palmares-equateur-4-44-2015.txt,palmares-2015-equateur-4-44.txt,7177,6662,-515
palmares-equateur-5-45-2010.pdf,palmares-equateur-5-45-2010.txt,palmares-2010-equateur-5-45.txt,3181,2960,-221
palmares-equateur-5-45-2013.pdf,palmares-equateur-5-45-2013.txt,palmares-2013-equateur-5-45.txt,3389,3146,-243
palmares-equateur-5-45-2015.pdf,palmares-equateur-5-45-2015.txt,palmares-2015-equateur-5-45.txt,4608,4239,-369
palmares-global-2015.pdf,palmares-global-2015.txt,palmares-2015-global.txt,500065,467778,-32287
palmares-haut-katanga-2018.pdf,palmares-haut-katanga-2018.txt,palmares-2018-haut-katanga.txt,60415,56990,-3425
palmares-haut-lomami-2018.pdf,palmares-haut-lomami-2018.txt,palmares-2018-haut-lomami.txt,20893,19899,-994
palmares-haut-uele-2018.pdf,palmares-haut-uele-2018.txt,palmares-2018-haut-uele.txt,5335,4983,-352
palmares-hf-2016.pdf,palmares-hf-2016.txt,palmares-2016-hf.txt,506,462,-44
palmares-hors-frontier-2008.pdf,palmares-hors-frontier-2008.txt,palmares-2008-hors-frontier.txt,155,143,-12
palmares-hors-frontiere-01-2013.pdf,palmares-hors-frontiere-01-2013.txt,palmares-2013-hors-frontiere-01.txt,378,349,-29
palmares-hors-frontiere-2012.pdf,palmares-hors-frontiere-2012.txt,palmares-2012-hors-frontiere.txt,750,662,-88
palmares-hors-frontiere-2018.pdf,palmares-hors-frontiere-2018.txt,palmares-2018-hors-frontiere.txt,443,437,-6
palmares-hors-frontieres-01-2010.pdf,palmares-hors-frontieres-01-2010.txt,palmares-2010-hors-frontieres-01.txt,330,294,-36
palmares-hors-frontieres-2009.pdf,palmares-hors-frontieres-2009.txt,palmares-2009-hors-frontieres.txt,212,191,-21
palmares-ituri-2018.pdf,palmares-ituri-2018.txt,palmares-2018-ituri.txt,15842,14829,-1013
palmares-junacyc-2012.pdf,palmares-junacyc-2012.txt,palmares-2012-junacyc.txt,8515,7800,-715
palmares-junacyc-2013.pdf,palmares-junacyc-2013.txt,palmares-2013-junacyc.txt,8270,7477,-793
palmares-junacyc-2015.pdf,palmares-junacyc-2015.txt,palmares-2015-junacyc.txt,7135,6419,-716
palmares-junacyc-2020-final.pdf,palmares-junacyc-2020-final.txt,palmares-2020-junacyc-final.txt,7211,6542,-669
palmares-kasai-2018.pdf,palmares-kasai-2018.txt,palmares-2018-kasai.txt,23912,22207,-1705
palmares-kasai-central-2018.pdf,palmares-kasai-central-2018.txt,palmares-2018-kasai-central.txt,23096,21699,-1397
palmares-kasai-occ-1-81-2010.pdf,palmares-kasai-occ-1-81-2010.txt,palmares-2010-kasai-occ-1-81.txt,12905,12211,-694
palmares-kasai-occ-2-82-2010.pdf,palmares-kasai-occ-2-82-2010.txt,palmares-2010-kasai-occ-2-82.txt,13224,12491,-733
palmares-kasai-occ-2008.pdf,palmares-kasai-occ-2008.txt,palmares-2008-kasai-occ.txt,9594,9089,-505
palmares-kasai-occ-2012.pdf,palmares-kasai-occ-2012.txt,palmares-2012-kasai-occ.txt,33271,31574,-1697
palmares-kasai-occidental-1-81-2013.pdf,palmares-kasai-occidental-1-81-2013.txt,palmares-2013-kasai-occidental-1-81.txt,13591,12635,-956
palmares-kasai-occidental-1-81-2015.pdf,palmares-kasai-occidental-1-81-2015.txt,palmares-2015-kasai-occidental-1-81.txt,16620,15472,-1148
palmares-kasai-occidental-2-82-2013.pdf,palmares-kasai-occidental-2-82-2013.txt,palmares-2013-kasai-occidental-2-82.txt,15981,14942,-1039
palmares-kasai-occidental-2-82-2015.pdf,palmares-kasai-occidental-2-82-2015.txt,palmares-2015-kasai-occidental-2-82.txt,16790,15395,-1395
palmares-kasai-occidental-2009.pdf,palmares-kasai-occidental-2009.txt,palmares-2009-kasai-occidental.txt,22560,21292,-1268
palmares-kasai-or-2008.pdf,palmares-kasai-or-2008.txt,palmares-2008-kasai-or.txt,16151,15331,-820
palmares-kasai-or-2012.pdf,palmares-kasai-or-2012.txt,palmares-2012-kasai-or.txt,29274,27599,-1675
palmares-kasai-orient-1-91-2010.pdf,palmares-kasai-orient-1-91-2010.txt,palmares-2010-kasai-orient-1-91.txt,8308,7920,-388
palmares-kasai-orient-2-92-2010.pdf,palmares-kasai-orient-2-92-2010.txt,palmares-2010-kasai-orient-2-92.txt,8135,7557,-578
palmares-kasai-orient-3-93-2010.pdf,palmares-kasai-orient-3-93-2010.txt,palmares-2010-kasai-orient-3-93.txt,13623,12872,-751
palmares-kasai-oriental-1-91-2013.pdf,palmares-kasai-oriental-1-91-2013.txt,palmares-2013-kasai-oriental-1-91.txt,6920,6424,-496
palmares-kasai-oriental-1-91-2015.pdf,palmares-kasai-oriental-1-91-2015.txt,palmares-2015-kasai-oriental-1-91.txt,11535,10946,-589
palmares-kasai-oriental-2-92-2013.pdf,palmares-kasai-oriental-2-92-2013.txt,palmares-2013-kasai-oriental-2-92.txt,11207,10430,-777
palmares-kasai-oriental-2-92-2015.pdf,palmares-kasai-oriental-2-92-2015.txt,palmares-2015-kasai-oriental-2-92.txt,9222,8252,-970
palmares-kasai-oriental-2009.pdf,palmares-kasai-oriental-2009.txt,palmares-2009-kasai-oriental.txt,24350,22836,-1514
palmares-kasai-oriental-2018.pdf,palmares-kasai-oriental-2018.txt,palmares-2018-kasai-oriental.txt,18482,17699,-783
palmares-kasai-oriental-3-93-2013.pdf,palmares-kasai-oriental-3-93-2013.txt,palmares-2013-kasai-oriental-3-93.txt,10171,9101,-1070
palmares-kasai-oriental-3-93-2015.pdf,palmares-kasai-oriental-3-93-2015.txt,palmares-2015-kasai-oriental-3-93.txt,17340,16286,-1054
palmares-katanga-1-71-2010.pdf,palmares-katanga-1-71-2010.txt,palmares-2010-katanga-1-71.txt,24208,22891,-1317
palmares-katanga-1-71-2013.pdf,palmares-katanga-1-71-2013.txt,palmares-2013-katanga-1-71.txt,23518,21737,-1781
palmares-katanga-1-71-2015.pdf,palmares-katanga-1-71-2015.txt,palmares-2015-katanga-1-71.txt,36951,34722,-2229
palmares-katanga-2-72-2010.pdf,palmares-katanga-2-72-2010.txt,palmares-2010-katanga-2-72.txt,11188,10684,-504
palmares-katanga-2-72-2013.pdf,palmares-katanga-2-72-2013.txt,palmares-2013-katanga-2-72.txt,9968,9282,-686
palmares-katanga-2-72-2015.pdf,palmares-katanga-2-72-2015.txt,palmares-2015-katanga-2-72.txt,13945,13137,-808
palmares-katanga-2008.pdf,palmares-katanga-2008.txt,palmares-2008-katanga.txt,29070,27646,-1424
palmares-katanga-2009.pdf,palmares-katanga-2009.txt,palmares-2009-katanga.txt,44297,42153,-2144
palmares-katanga-2012.pdf,palmares-katanga-2012.txt,palmares-2012-katanga.txt,26876,25729,-1147
palmares-katanga-3-73-2010.pdf,palmares-katanga-3-73-2010.txt,palmares-2010-katanga-3-73.txt,7240,6883,-357
palmares-katanga-3-73-2013.pdf,palmares-katanga-3-73-2013.txt,palmares-2013-katanga-3-73.txt,7913,7417,-496
palmares-katanga-3-73-2015.pdf,palmares-katanga-3-73-2015.txt,palmares-2015-katanga-3-73.txt,10779,10175,-604
palmares-katanga-4-74-2010.pdf,palmares-katanga-4-74-2010.txt,palmares-2010-katanga-4-74.txt,4228,3956,-272
palmares-katanga-4-74-2013.pdf,palmares-katanga-4-74-2013.txt,palmares-2013-katanga-4-74.txt,4905,4571,-334
palmares-katanga-4-74-2015.pdf,palmares-katanga-4-74-2015.txt,palmares-2015-katanga-4-74.txt,6874,6453,-421
palmares-katanga1-2012.pdf,palmares-katanga1-2012.txt,palmares-2012-katanga1.txt,23925,22566,-1359
palmares-kin-2008.pdf,palmares-kin-2008.txt,palmares-2008-kin.txt,20991,20221,-770
palmares-kinsahsa-2009.pdf,palmares-kinsahsa-2009.txt,palmares-2009-kinsahsa.txt,75802,72657,-3145
palmares-kinshasa-2012.pdf,palmares-kinshasa-2012.txt,palmares-2012-kinshasa.txt,52667,49738,-2929
palmares-kinshasa-2016.pdf,palmares-kinshasa-2016.txt,palmares-2016-kinshasa.txt,122010,116049,-5961
palmares-kinshasa-2018.pdf,palmares-kinshasa-2018.txt,palmares-2018-kinshasa.txt,128897,121625,-7272
palmares-kinshasa-centre-12-2010.pdf,palmares-kinshasa-centre-12-2010.txt,palmares-2010-kinshasa-centre-12.txt,25562,24746,-816
palmares-kinshasa-centre-12-2013.pdf,palmares-kinshasa-centre-12-2013.txt,palmares-2013-kinshasa-centre-12.txt,27676,26535,-1141
palmares-kinshasa-centre-12-2015.pdf,palmares-kinshasa-centre-12-2015.txt,palmares-2015-kinshasa-centre-12.txt,31629,30266,-1363
palmares-kinshasa-centre-2008.pdf,palmares-kinshasa-centre-2008.txt,palmares-2008-kinshasa-centre.txt,20726,20127,-599
palmares-kinshasa-est-11-2010.pdf,palmares-kinshasa-est-11-2010.txt,palmares-2010-kinshasa-est-11.txt,33292,31883,-1409
palmares-kinshasa-est-11-2013.pdf,palmares-kinshasa-est-11-2013.txt,palmares-2013-kinshasa-est-11.txt,30621,28632,-1989
palmares-kinshasa-est-11-2015.pdf,palmares-kinshasa-est-11-2015.txt,palmares-2015-kinshasa-est-11.txt,39775,37428,-2347
palmares-kinshasa-est-2008.pdf,palmares-kinshasa-est-2008.txt,palmares-2008-kinshasa-est.txt,21006,20239,-767
palmares-kinshasa-ouest-13-2010.pdf,palmares-kinshasa-ouest-13-2010.txt,palmares-2010-kinshasa-ouest-13.txt,20848,19819,-1029
palmares-kinshasa-ouest-13-2013.pdf,palmares-kinshasa-ouest-13-2013.txt,palmares-2013-kinshasa-ouest-13.txt,23170,21705,-1465
palmares-kinshasa-ouest-13-2015.pdf,palmares-kinshasa-ouest-13-2015.txt,palmares-2015-kinshasa-ouest-13.txt,28789,27079,-1710
palmares-kinshasa-ouest-2008.pdf,palmares-kinshasa-ouest-2008.txt,palmares-2008-kinshasa-ouest.txt,15491,14816,-675
palmares-kongo-central-2018.pdf,palmares-kongo-central-2018.txt,palmares-2018-kongo-central.txt,36375,33920,-2455
palmares-kwango-2018.pdf,palmares-kwango-2018.txt,palmares-2018-kwango.txt,19211,17712,-1499
palmares-kwilu-2018.pdf,palmares-kwilu-2018.txt,palmares-2018-kwilu.txt,61785,56915,-4870
palmares-lomami-2018.pdf,palmares-lomami-2018.txt,palmares-2018-lomami.txt,22046,20692,-1354
palmares-lualaba-2018.pdf,palmares-lualaba-2018.txt,palmares-2018-lualaba.txt,10187,9547,-640
palmares-maindombe-2018.pdf,palmares-maindombe-2018.txt,palmares-2018-maindombe.txt,14185,13290,-895
palmares-maniema-2008.pdf,palmares-maniema-2008.txt,palmares-2008-maniema.txt,4479,4291,-188
palmares-maniema-2009.pdf,palmares-maniema-2009.txt,palmares-2009-maniema.txt,10227,9745,-482
palmares-maniema-2012.pdf,palmares-maniema-2012.txt,palmares-2012-maniema.txt,10921,10402,-519
palmares-maniema-2018.pdf,palmares-maniema-2018.txt,palmares-2018-maniema.txt,15979,15011,-968
palmares-maniema-64-2010.pdf,palmares-maniema-64-2010.txt,palmares-2010-maniema-64.txt,10676,10153,-523
palmares-maniema-64-2013.pdf,palmares-maniema-64-2013.txt,palmares-2013-maniema-64.txt,8752,7933,-819
palmares-maniema-64-2015.pdf,palmares-maniema-64-2015.txt,palmares-2015-maniema-64.txt,13158,12239,-919
palmares-mongala-2018.pdf,palmares-mongala-2018.txt,palmares-2018-mongala.txt,8666,8033,-633
palmares-nord-kivu-1-61-2010.pdf,palmares-nord-kivu-1-61-2010.txt,palmares-2010-nord-kivu-1-61.txt,11366,10793,-573
palmares-nord-kivu-1-61-2013.pdf,palmares-nord-kivu-1-61-2013.txt,palmares-2013-nord-kivu-1-61.txt,15479,14538,-941
palmares-nord-kivu-1-61-2015.pdf,palmares-nord-kivu-1-61-2015.txt,palmares-2015-nord-kivu-1-61.txt,22366,21144,-1222
palmares-nord-kivu-2-62-2010.pdf,palmares-nord-kivu-2-62-2010.txt,palmares-2010-nord-kivu-2-62.txt,10475,9717,-758
palmares-nord-kivu-2-62-2013.pdf,palmares-nord-kivu-2-62-2013.txt,palmares-2013-nord-kivu-2-62.txt,15908,14881,-1027
palmares-nord-kivu-2-62-2015.pdf,palmares-nord-kivu-2-62-2015.txt,palmares-2015-nord-kivu-2-62.txt,19209,18150,-1059
palmares-nord-kivu-2008.pdf,palmares-nord-kivu-2008.txt,palmares-2008-nord-kivu.txt,14485,13622,-863
palmares-nord-kivu-2009.pdf,palmares-nord-kivu-2009.txt,palmares-2009-nord-kivu.txt,24201,23018,-1183
palmares-nord-kivu-2012.pdf,palmares-nord-kivu-2012.txt,palmares-2012-nord-kivu.txt,25257,24027,-1230
palmares-nord-kivu-2018.pdf,palmares-nord-kivu-2018.txt,palmares-2018-nord-kivu.txt,51815,48703,-3112
palmares-nord-ubangi-2018.pdf,palmares-nord-ubangi-2018.txt,palmares-2018-nord-ubangi.txt,5971,5500,-471
palmares-orientale-2012.pdf,palmares-orientale-2012.txt,palmares-2012-orientale.txt,22393,21265,-1128
palmares-province-orientale-1-51-2010.pdf,palmares-province-orientale-1-51-2010.txt,palmares-2010-province-orientale-1-51.txt,9485,9017,-468
palmares-province-orientale-1-51-2013.pdf,palmares-province-orientale-1-51-2013.txt,palmares-2013-province-orientale-1-51.txt,11248,10499,-749
palmares-province-orientale-1-51-2015.pdf,palmares-province-orientale-1-51-2015.txt,palmares-2015-province-orientale-1-51.txt,13827,12915,-912
palmares-province-orientale-2-52-2010.pdf,palmares-province-orientale-2-52-2010.txt,palmares-2010-province-orientale-2-52.txt,6509,6044,-465
palmares-province-orientale-2-52-2013.pdf,palmares-province-orientale-2-52-2013.txt,palmares-2013-province-orientale-2-52.txt,8838,8169,-669
palmares-province-orientale-2-52-2015.pdf,palmares-province-orientale-2-52-2015.txt,palmares-2015-province-orientale-2-52.txt,12409,11621,-788
palmares-province-orientale-2008.pdf,palmares-province-orientale-2008.txt,palmares-2008-province-orientale.txt,9166,8560,-606
palmares-province-orientale-2009.pdf,palmares-province-orientale-2009.txt,palmares-2009-province-orientale.txt,15290,14267,-1023
palmares-province-orientale-3-53-2010.pdf,palmares-province-orientale-3-53-2010.txt,palmares-2010-province-orientale-3-53.txt,2972,2750,-222
palmares-province-orientale-3-53-2013.pdf,palmares-province-orientale-3-53-2013.txt,palmares-2013-province-orientale-3-53.txt,3037,2829,-208
palmares-province-orientale-3-53-2015.pdf,palmares-province-orientale-3-53-2015.txt,palmares-2015-province-orientale-3-53.txt,3699,3462,-237
palmares-province-orientale-4-54-2013.pdf,palmares-province-orientale-4-54-2013.txt,palmares-2013-province-orientale-4-54.txt,1116,1001,-115
palmares-province-orientale-4-54-2015.pdf,palmares-province-orientale-4-54-2015.txt,palmares-2015-province-orientale-4-54.txt,1923,1781,-142
palmares-recours-2012.pdf,palmares-recours-2012.txt,palmares-2012-recours.txt,139,137,-2
palmares-sankuru-2018.pdf,palmares-sankuru-2018.txt,palmares-2018-sankuru.txt,15558,14377,-1181
palmares-sud-kivu-2008.pdf,palmares-sud-kivu-2008.txt,palmares-2008-sud-kivu.txt,13760,13061,-699
palmares-sud-kivu-2009.pdf,palmares-sud-kivu-2009.txt,palmares-2009-sud-kivu.txt,17101,16131,-970
palmares-sud-kivu-2012.pdf,palmares-sud-kivu-2012.txt,palmares-2012-sud-kivu.txt,28748,27649,-1099
palmares-sud-kivu-2018.pdf,palmares-sud-kivu-2018.txt,palmares-2018-sud-kivu.txt,46617,44285,-2332
palmares-sud-kivu-63-2010.pdf,palmares-sud-kivu-63-2010.txt,palmares-2010-sud-kivu-63.txt,18353,17260,-1093
palmares-sud-kivu-63-2013.pdf,palmares-sud-kivu-63-2013.txt,palmares-2013-sud-kivu-63.txt,25764,24254,-1510
palmares-sud-kivu-63-2015.pdf,palmares-sud-kivu-63-2015.txt,palmares-2015-sud-kivu-63.txt,35073,33175,-1898
palmares-sud-ubangi-2018.pdf,palmares-sud-ubangi-2018.txt,palmares-2018-sud-ubangi.txt,13105,12237,-868
palmares-tanganyika-2018.pdf,palmares-tanganyika-2018.txt,palmares-2018-tanganyika.txt,13177,12421,-756
palmares-tshopo-2018.pdf,palmares-tshopo-2018.txt,palmares-2018-tshopo.txt,22826,21410,-1416
palmares-tshuapa-2018.pdf,palmares-tshuapa-2018.txt,palmares-2018-tshuapa.txt,5010,4668,-342
